[
  {
    "name": "C Seg Fault",
    "ingredients": [
      "I don't know why this is wrong, help!"
    ],
    "link": "https://github.com/JoelAngus/test1",
    "photoURL": "https://www.tech-faq.com/wp-content/uploads/2011/05/segmentation-fault.jpg",
    "library": "True"
  },
  {
    "name": "Java help",
    "ingredients": [
      "Not sure how to code this in java."
    ],
    "link": "https://github.com/JoelAngus/test1",
    "photoURL": "https://upload.wikimedia.org/wikipedia/commons/thumb/a/a4/JavaScript_code.png/300px-JavaScript_code.png",
    "library": "True"
  }
]